{
    "ret": 0.246570761150283,
    "mtx": [
        [
            454.8321825683643,
            0.0,
            322.69182806592534
        ],
        [
            0.0,
            453.504496364238,
            239.032012436246
        ],
        [
            0.0,
            0.0,
            1.0
        ]
    ],
    "dist": [
        [
            0.2345446709450893,
            -1.0959267197443212,
            -0.0037150945180639667,
            -0.00019122798882164582,
            1.658688642375361
        ]
    ],
    "rvecs": [
        [
            [
                -0.4642626586355011
            ],
            [
                0.33569078476129977
            ],
            [
                0.026042230547002856
            ]
        ],
        [
            [
                -0.3703487380733724
            ],
            [
                0.32376025282220444
            ],
            [
                -0.020974093313445717
            ]
        ],
        [
            [
                0.4672660411228828
            ],
            [
                0.07748904024611211
            ],
            [
                0.3126432129310792
            ]
        ],
        [
            [
                -0.8608826001216012
            ],
            [
                0.284576274147134
            ],
            [
                -0.004402913745778244
            ]
        ],
        [
            [
                -0.68337464889436
            ],
            [
                0.24081600222666535
            ],
            [
                -0.0038073577051437333
            ]
        ],
        [
            [
                -0.7202624724656579
            ],
            [
                0.16080880731984282
            ],
            [
                0.006587827671993234
            ]
        ],
        [
            [
                -0.3886254298810146
            ],
            [
                -0.14577108809025968
            ],
            [
                -0.016873291152824262
            ]
        ],
        [
            [
                0.193792417290305
            ],
            [
                0.25469663027278183
            ],
            [
                0.1239011177165511
            ]
        ],
        [
            [
                -0.49520659341735723
            ],
            [
                0.43336320899088404
            ],
            [
                -0.12433833188259934
            ]
        ],
        [
            [
                -0.13692174927854914
            ],
            [
                0.39317632273960945
            ],
            [
                0.16296908912391744
            ]
        ],
        [
            [
                -0.7360089606574858
            ],
            [
                -0.14260125887269579
            ],
            [
                -0.016382704174873162
            ]
        ],
        [
            [
                -0.6319458519869042
            ],
            [
                0.3109019185169063
            ],
            [
                -0.02360173057877972
            ]
        ],
        [
            [
                -0.21987275462160472
            ],
            [
                0.505783841172858
            ],
            [
                0.04456355948905097
            ]
        ],
        [
            [
                -0.031191935573839952
            ],
            [
                0.13150351558598058
            ],
            [
                0.15217667960835218
            ]
        ]
    ],
    "tvecs": [
        [
            [
                -3.9095267402154557
            ],
            [
                -2.883013050553283
            ],
            [
                12.734935381721531
            ]
        ],
        [
            [
                -2.3464181908930066
            ],
            [
                -2.527397432464782
            ],
            [
                11.988430469447172
            ]
        ],
        [
            [
                -2.4669204961681412
            ],
            [
                -0.6707204787868724
            ],
            [
                7.895956918139866
            ]
        ],
        [
            [
                -1.6759102305066005
            ],
            [
                -0.6497968362626284
            ],
            [
                12.535506181387001
            ]
        ],
        [
            [
                -3.5885617388750015
            ],
            [
                -0.5606778756023832
            ],
            [
                12.470853952945365
            ]
        ],
        [
            [
                -2.997310545095364
            ],
            [
                -0.28265107007513357
            ],
            [
                11.42329674968157
            ]
        ],
        [
            [
                -2.2349774161749005
            ],
            [
                -2.4278626143633844
            ],
            [
                10.014889420611789
            ]
        ],
        [
            [
                -4.34279829880326
            ],
            [
                -2.6319722378019104
            ],
            [
                9.559140176305489
            ]
        ],
        [
            [
                -3.9464910618432625
            ],
            [
                0.22222628081317378
            ],
            [
                14.128222890136813
            ]
        ],
        [
            [
                -1.047835105774833
            ],
            [
                -3.61370495936687
            ],
            [
                12.727125594769333
            ]
        ],
        [
            [
                -2.822091667558232
            ],
            [
                -2.148824054863922
            ],
            [
                10.35033543129801
            ]
        ],
        [
            [
                -4.368041207134956
            ],
            [
                -0.819363886469705
            ],
            [
                12.9026088473456
            ]
        ],
        [
            [
                -3.906587960357373
            ],
            [
                -2.1881970821811585
            ],
            [
                12.851632225353097
            ]
        ],
        [
            [
                -1.747244842843826
            ],
            [
                -2.5894776253097778
            ],
            [
                13.040425651835742
            ]
        ]
    ]
}